Drug,Class
gentamicin topical, Antibacterials
senna, Cathartics and Laxatives
phenelzine, Monoamine Oxidase Inhibitors
telithromycin,"Antibiotic, Ketolide"
metronidazole topical, Antibacterials
metyrosine,Miscellaneous cardiovascular agents
mexiletine, Class Ib Antiarrhythmics
telmisartan, Angiotensin II Receptor Antagonists
ziconotide," Analgesics and Antipyretics, Miscellaneous"
hydrochlorothiazide, Thiazide Diuretics
zidovudine, HIV Nucleoside and Nucleotide Reverse Transcriptase Inhibitors
zileuton, Leukotriene Modifiers
zinc sulfate,Trace Element
zinc acetate,"Chelating Agent, Oral"
zinc gluconate,Trace Element
ziprasidone, Atypical Antipsychotics
azithromycin, Other Macrolides
telotristat, Antidiarrhea Agents
ziv-aflibercept, Antineoplastic Agents
rabeprazole, Proton-pump Inhibitors
raloxifene, Estrogen Agonists-Antagonists
temazepam, Benzodiazepines
raltegravir, HIV Integrase Inhibitors
ramelteon," Anxiolytics, Sedatives, and Hypnotics; Miscellaneous"
ramipril, Angiotensin-Converting Enzyme Inhibitors
ramucirumab, Antineoplastic Agents
ranolazine," Cardiac Drugs, Miscellaneous"
sirolimus, Immunosuppressive Agents
temixys,Antiviral combinations
rasagiline, Monoamine Oxidase B Inhibitors
rasburicase, Enzymes
haloperidol, Butyrophenones
indomethacin, Other Nonsteroidal Anti-inflammatory Agents
temodar,Alkylating agents
galantamine, Parasympathomimetic (Cholinergic) Agents
temovate,Topical steroids
amphetamine, Amphetamines
amphetamine,Central Nervous System Stimulant
phenergan,Antihistamines
temozolomide, Antineoplastic Agents
nifedipine, Dihydropyridines
paliperidone, Atypical Antipsychotics
busulfan, Antineoplastic Agents
hydroxyurea, Antineoplastic Agents
temsirolimus, Antineoplastic Agents
dopamine, Selective beta-1-Adrenergic Agonists
insulin regular,"Insulin, Short-Acting"
cholecalciferol,Vitamin D Analog
gabapentin," Anticonvulsants, Miscellaneous"
gabapentin enacarbil,"Anticonvulsant, Miscellaneous"
alprazolam, Benzodiazepines
gadobenate dimeglumine,Diagnostic Agent
gadobutrol,Diagnostic Agent
tenecteplase, Thrombolytic Agents
ganciclovir, Antivirals
ganirelix, Antigonadotropins
gallium nitrate, Bone Resorption Inhibitors
tenex,"Antiadrenergic agents, centrally acting"
human papillomavirus vaccine, Vaccines
teniposide, Antineoplastic Agents
dulaglutide, Incretin Mimetics
bisacodyl, Cathartics and Laxatives
duloxetine, Selective Serotonin- and Norepinephrine-reuptake Inhibitors
lactulose, Ammonia Detoxicants
dupilumab," Skin and Mucous Membrane Agents, Miscellaneous"
tenofovir alafenamide, Nucleosides and Nucleotides
morphine, Opiate Agonists
durvalumab, Antineoplastic Agents
dutasteride, 5-alpha-Reductase Inhibitors
duvelisib, Antineoplastic Agents
ofatumumab, Immunomodulatory Agents
tenormin,Cardioselective beta blockers
etelcalcetide, Antiparathyroid Agents
oxycodone, Opiate Agonists
ethacrynic acid, Loop Diuretics
ethambutol, Antituberculosis Agents
diethylpropion, Amphetamine Derivatives
ethionamide, Antituberculosis Agents
ethosuximide, Succinimides
ethotoin,"Anticonvulsant, Hydantoin"
etidronate, Bone Resorption Inhibitors
etodolac, Other Nonsteroidal Anti-inflammatory Agents
etomidate," General Anesthetics, Miscellaneous"
etonogestrel,Contraceptive
thiotepa, Antineoplastic Agents
etravirine, HIV Nonnucleoside Reverse Transcriptase Inhibitors
glucagon, Glycogenolytic Agents
auranofin,Gold Compound
tepezza,Growth hormone receptor blockers
anti-inhibitor coagulant complex, Hemostatics
ivabradine," Cardiac Drugs, Miscellaneous"
ivacaftor, Cystic Fibrosis Transmembrane Conductance Regulator Potentiators
ivosidenib, Antineoplastic Agents
tepmetko,Multikinase inhibitors
trabectedin, Antineoplastic Agents
tramadol, Opiate Agonists
labetalol, beta-Adrenergic Blocking Agents
trandolapril, Angiotensin-Converting Enzyme Inhibitors
tranexamic acid,Antifibrinolytic Agent
scopolamine, Antimuscarinics/Antispasmodics
clorazepate, Benzodiazepines
tranylcypromine, Monoamine Oxidase Inhibitors
trastuzumab, Antineoplastic Agents
trazodone, Serotonin Modulators
terazosin, alpha-Adrenergic Blocking Agents
treprostinil, Vasodilating Agents
tretinoin topical, Cell Stimulants and Proliferants
triamcinolone topical, Corticosteroids
triamcinolone ophthalmic,"Corticosteroid, Ophthalmic"
chlorpheniramine,Alkylamine Derivative
terbinex,Miscellaneous antifungals
triamterene, Potassium-sparing Diuretics
triazolam, Benzodiazepines
trimethobenzamide, Antihistamines
terbutaline, Selective beta-2-Adrenergic Agonists
triclabendazole, Anthelmintics
trientine, Heavy Metal Antagonists
teriflunomide, Immunomodulatory Agents
trifluoperazine, Phenothiazines
triheptanoin,Anaplerotic Agent
trihexyphenidyl, Anticholinergic Agents
perphenazine, Phenothiazines
teriparatide, Parathyroid Agents
trimethoprim, Urinary Anti-infectives
trimipramine, Tricyclics and Other Norepinephrine-reuptake Inhibitors
isoflurane,General anesthetics
triprolidine, First Generation Antihistamines
triptorelin, Gonadotropins
tromethamine, Alkalinizing Agents
trospium, Genitourinary Smooth Muscle Relaxants
tesamorelin, Somatotropin Agonists
phenobarbital, Barbiturates
levalbuterol,Beta2 Agonist
ulipristal, Contraceptives
testim,Androgens and anabolic steroids
pancrelipase, Digestants
testosterone, Androgens
bacitracin, Bacitracins
buprenorphine, Opiate Partial Agonists
lactobacillus acidophilus, Antidiarrhea Agents
testred,Androgens and anabolic steroids
baclofen, GABA-derivative Skeletal Muscle Relaxants
tetanus immune globulin, Antitoxins and Immune Globulins
balsalazide, Anti-inflammatory Agents
bamlanivimab, Monoclonal Antibodies
baricitinib, Disease-modifying Antirheumatic Drugs
tetracaine, Local Anesthetics
tetracaine,Local injectable anesthetics
basiliximab, Immunosuppressive Agents
bedaquiline, Antituberculosis Agents
tetrabenazine, Vesicular Monoamine Transporter 2 (VMAT2) Inhibitors
cyanocobalamin,"Vitamin, Water Soluble"
cyanocobalamin,Vitamins
belatacept, Immunosuppressive Agents
belinostat, Antineoplastic Agents
belimumab, Immunosuppressive Agents
belladonna, Antimuscarinics/Antispasmodics
bempedoic acid," Antilipemic Agents, Miscellaneous"
benazepril, Angiotensin-Converting Enzyme Inhibitors
bendamustine, Antineoplastic Agents
probenecid, Uricosuric Agents
tetracycline, Tetracyclines
benznidazole," Antiprotozoals, Miscellaneous"
benzphetamine,Anorexiant
benzphetamine,Anorexiants
benztropine, Anticholinergic Agents
miconazole, Azoles
tev-tropin,Growth hormones
fentanyl, Opiate Agonists
bethanechol, Parasympathomimetic (Cholinergic) Agents
betrixaban, Direct Factor Xa Inhibitors
bevacizumab, Antineoplastic Agents
bexarotene topical," Skin and Mucous Membrane Agents, Miscellaneous"
valacyclovir, Nucleosides and Nucleotides
valbenazine, Vesicular Monoamine Transporter 2 (VMAT2) Inhibitors
valganciclovir, Nucleosides and Nucleotides
valrubicin,"Antineoplastic Agent, Anthracycline"
valsartan, Angiotensin II Receptor Antagonists
carisoprodol, Centrally Acting Skeletal Muscle Relaxants
amitriptyline, Tricyclics and Other Norepinephrine-reuptake Inhibitors
vancomycin, Glycopeptides
clonazepam, Benzodiazepines
vandetanib, Antineoplastic Agents
buspirone," Anxiolytics, Sedatives, and Hypnotics; Miscellaneous"
prednisone, Adrenals
hydrocodone, Opiate Agonists
vardenafil, Phosphodiesterase Type 5 Inhibitors
varenicline," Autonomic Drugs, Miscellaneous"
varicella zoster immune globulin, Antitoxins and Immune Globulins
zoster vaccine live, Vaccines
teveten,Angiotensin receptor blockers
teveten hct,Angiotensin II inhibitors with thiazides
vasopressin, Pituitary
enalaprilat,Angiotensin-Converting Enzyme (ACE) Inhibitor
texacort,Topical steroids
oxymetazoline topical," Skin and Mucous Membrane Agents, Miscellaneous"
estropipate,Estrogens
estropipate,Estrogen Derivative
granisetron, 5-HT3 Receptor Antagonists
griseofulvin," Antifungals, Miscellaneous"
chloroquine, Antimalarials
minocycline topical, Antibacterials
arformoterol, Selective beta-2-Adrenergic Agonists
argatroban, Direct Thrombin Inhibitors
arginine,Diagnostic Agent
mannitol, Osmotic Diuretics
armodafinil, Wakefulness-promoting Agents
phenoxybenzamine, Non-selective alpha-Adrenergic Blocking Agents
ocaliva,Miscellaneous GI agents
arsenic trioxide, Antineoplastic Agents
betamethasone topical, Corticosteroids
atazanavir, HIV Protease Inhibitors
atenolol, beta-Adrenergic Blocking Agents
atezolizumab, Antineoplastic Agents
atomoxetine," Central Nervous System Agents, Miscellaneous"
atorvastatin, HMG-CoA Reductase Inhibitors
atovaquone," Antiprotozoals, Miscellaneous"
atracurium, Neuromuscular Blocking Agents
ocella,Contraceptives
doxycycline," Skin and Mucous Membrane Agents, Miscellaneous"
atropine, Antimuscarinics/Antispasmodics
ocrelizumab, Immunomodulatory Agents
cyclobenzaprine, Centrally Acting Skeletal Muscle Relaxants
cyclophosphamide, Antineoplastic Agents
ocrevus,CD20 monoclonal antibodies
cycloserine, Antituberculosis Agents
adalimumab, Disease-modifying Antirheumatic Drugs
cyproheptadine, First Generation Antihistamines
cytarabine, Antineoplastic Agents
cytarabine liposomal,"Antineoplastic Agent, Antimetabolite"
octagam,Immune globulins
edetate calcium disodium, Heavy Metal Antagonists
voriconazole, Azoles
phentermine, Amphetamine Derivatives
octreotide, Somatostatin Agonists
lidocaine ophthalmic,Local Anesthetic
linaclotide," GI Drugs, Miscellaneous"
linagliptin, Dipeptidyl Peptidase-4 (DPP-4) Inhibitors
lincomycin, Lincomycins
linezolid, Oxazolidinones
liothyronine, Thyroid Agents
liotrix, Thyroid Agents
dextroamphetamine, Amphetamines
sodium chloride, Replacement Preparations
liraglutide, Incretin Mimetics
lisdexamfetamine, Amphetamines
lisinopril, Angiotensin-Converting Enzyme Inhibitors
insulin lispro, Rapid-acting Insulins
lithium, Antimanic Agents
lixisenatide, Incretin Mimetics
isoniazid, Antituberculosis Agents
zoledronic acid, Bone Resorption Inhibitors
zolmitriptan, Selective Serotonin Agonists
zolpidem," Anxiolytics, Sedatives, and Hypnotics; Miscellaneous"
zonisamide," Anticonvulsants, Miscellaneous"
vecuronium, Neuromuscular Blocking Agents
vedolizumab," GI Drugs, Miscellaneous"
vinblastine, Antineoplastic Agents
vemurafenib, Antineoplastic Agents
venetoclax, Antineoplastic Agents
venlafaxine, Selective Serotonin- and Norepinephrine-reuptake Inhibitors
iron sucrose, Iron Preparations
verapamil," Calcium-Channel Blocking Agents, Miscellaneous"
verteporfin," EENT Drugs, Miscellaneous"
gefitinib, Antineoplastic Agents
gemcitabine, Antineoplastic Agents
gemfibrozil, Fibric Acid Derivatives
gemifloxacin, Quinolones
gemtuzumab, Antineoplastic Agents
heparin, Heparins
ocufen,Ophthalmic anti-inflammatory agents
lamivudine, HIV Nucleoside and Nucleotide Reverse Transcriptase Inhibitors
tasimelteon," Anxiolytics, Sedatives, and Hypnotics; Miscellaneous"
ocupress,Ophthalmic glaucoma agents
albendazole, Anthelmintics
albiglutide,"Antidiabetic Agent, Glucagon-Like Peptide-1 (GLP-1) Receptor Agonist"
acetaminophen," Analgesics and Antipyretics, Miscellaneous"
phentolamine, Non-selective alpha-Adrenergic Blocking Agents
diphenhydramine, First Generation Antihistamines
aldesleukin, Antineoplastic Agents
alectinib, Antineoplastic Agents
alefacept," Skin and Mucous Membrane Agents, Miscellaneous"
alemtuzumab, Antineoplastic Agents
alendronate, Bone Resorption Inhibitors
niacin," Antilipemic Agents, Miscellaneous"
alfentanil,Narcotic analgesics
alfentanil,"Analgesic, Opioid"
alfuzosin, Selective alpha-1-Adrenergic Blocking Agents
nitazoxanide," Antiprotozoals, Miscellaneous"
copanlisib, Antineoplastic Agents
aliskiren, Renin Inhibitors
glycerin,"Laxative, Osmotic"
allopurinol, Antigout Agents
almotriptan, Selective Serotonin Agonists
alogliptin, Dipeptidyl Peptidase-4 (DPP-4) Inhibitors
alosetron, Anti-inflammatory Agents
alpelisib, Antineoplastic Agents
slynd,Progestins
alteplase, Thrombolytic Agents
pindolol, beta-Adrenergic Blocking Agents
piroxicam, Other Nonsteroidal Anti-inflammatory Agents
lovastatin, HMG-CoA Reductase Inhibitors
altretamine, Antineoplastic Agents
hydrocortisone topical, Corticosteroids
alvimopan," GI Drugs, Miscellaneous"
cefazolin, First Generation Cephalosporins
cefaclor, Second Generation Cephalosporins
cefadroxil, First Generation Cephalosporins
cefdinir, Third Generation Cephalosporins
cefditoren, Third Generation Cephalosporins
cefepime, Fourth Generation Cephalosporins
cefiderocol, Siderophore Cephalosporins
cefixime, Third Generation Cephalosporins
cefotaxime, Third Generation Cephalosporins
cefotetan, Cephamycins
phenylephrine, alpha-Adrenergic Agonists
cefpodoxime, Third Generation Cephalosporins
cefprozil, Second Generation Cephalosporins
ceftaroline, Fifth Generation Cephalosporins
ceftazidime, Third Generation Cephalosporins
ceftibuten, Third Generation Cephalosporins
ceftriaxone, Third Generation Cephalosporins
cefuroxime, Second Generation Cephalosporins
horizant,Gamma-aminobutyric acid analogs
celecoxib, Cyclooxygenase-2 (COX-2) Inhibitors
cenobamate," Anticonvulsants, Miscellaneous"
house dust mite allergen extract,Allergen-Specific Immunotherapy
cephalexin, First Generation Cephalosporins
norethindrone, Progestins
ceritinib, Antineoplastic Agents
certolizumab, Disease-modifying Antirheumatic Drugs
shingrix,Viral vaccines
cetuximab, Antineoplastic Agents
cevimeline, Parasympathomimetic (Cholinergic) Agents
metformin, Biguanides
potassium iodide, Antithyroid Agents
onabotulinumtoxina, Other Miscellaneous Therapeutic Agents
onasemnogene abeparvovec,"Gene Therapy, Adeno-Associated Virus"
vincristine, Antineoplastic Agents
ondansetron, 5-HT3 Receptor Antagonists
avsola,TNF alfa inhibitors
avalide,Angiotensin II inhibitors with thiazides
orphenadrine," Skeletal Muscle Relaxants, Miscellaneous"
oritavancin, Glycopeptides
orlistat," GI Drugs, Miscellaneous"
cholic acid," GI Drugs, Miscellaneous"
avanafil, Phosphodiesterase Type 5 Inhibitors
avandamet,Antidiabetic combinations
ketoprofen, Other Nonsteroidal Anti-inflammatory Agents
midodrine, alpha-Adrenergic Agonists
clarithromycin, Other Macrolides
bicalutamide, Antineoplastic Agents
avandaryl,Antidiabetic combinations
binimetinib, Antineoplastic Agents
avandia,Thiazolidinediones
biperiden, Anticholinergic Agents
bisoprolol, beta-Adrenergic Blocking Agents
bivalirudin, Direct Thrombin Inhibitors
avapritinib, Antineoplastic Agents
guanfacine, Central alpha-Agonists
guanidine,Cholinergic Agonist
guselkumab," Skin and Mucous Membrane Agents, Miscellaneous"
avapro,Angiotensin receptor blockers
iobenguane i 131, Antineoplastic Agents
ioflupane i 123,Radiopharmaceutical
iopromide,Iodinated Contrast Media
omacetaxine, Antineoplastic Agents
omadacycline, Aminomethylcyclines
omalizumab," Respiratory Tract Agents, Miscellaneous"
omeprazole, Proton-pump Inhibitors
avar cleanser,Topical antibiotics
modafinil, Wakefulness-promoting Agents
moexipril, Angiotensin-Converting Enzyme Inhibitors
molindone,First Generation (Typical) Antipsychotic
phenylephrine ophthalmic,Alpha-Adrenergic Agonist 
avar ls cleanser,Topical antibiotics
mometasone, Adrenals
mometasone topical, Corticosteroids
monomethyl fumarate,Fumaric Acid Derivative
avatrombopag, Hematopoietic Agents
montelukast, Leukotriene Modifiers
aveed,Androgens and anabolic steroids
avelox,Quinolones
dacarbazine, Antineoplastic Agents
amantadine, Adamantanes
ambrisentan, Vasodilating Agents
aminolevulinic acid," Skin and Mucous Membrane Agents, Miscellaneous"
amifampridine, Other Miscellaneous Therapeutic Agents
amifostine, Protective Agents
amikacin, Aminoglycosides
avelumab, Antineoplastic Agents
amiloride, Potassium-sparing Diuretics
aminocaproic acid, Hemostatics
aminophylline,"Phosphodiesterase Enzyme Inhibitor, Nonselective"
nortriptyline, Tricyclics and Other Norepinephrine-reuptake Inhibitors
aminosalicylic acid, Antituberculosis Agents
pyridoxine, Vitamin B Complex
amiodarone, Class III Antiarrhythmics
amisulpride," Antiemetics, Miscellaneous"
amlodipine, Dihydropyridines
amoxapine, Tricyclics and Other Norepinephrine-reuptake Inhibitors
amphotericin b, Polyenes
amphotericin b lipid complex,"Antifungal Agent, Parenteral"
amphotericin b liposomal,"Antifungal Agent, Parenteral"
avinza,Narcotic analgesics
nicardipine, Dihydropyridines
nifurtimox," Antiprotozoals, Miscellaneous"
doxylamine, First Generation Antihistamines
avita,Topical acne agents
pitavastatin, HMG-CoA Reductase Inhibitors
nilotinib, Antineoplastic Agents
nilutamide, Antineoplastic Agents
nimodipine, Dihydropyridines
nintedanib, Antifibrotic Agents
avodart,5-alpha-reductase inhibitors
niraparib, Antineoplastic Agents
nisoldipine, Dihydropyridines
nitisinone,4-Hydroxyphenylpyruvate Dioxygenase Inhibitor
nitric oxide, Nitrates and Nitrites
avonex,Interferons
nitrofurantoin, Urinary Anti-infectives
avycaz,Cephalosporins / beta-lactamase inhibitors
filgrastim, Hematopoietic Agents
nivolumab, Antineoplastic Agents
nizatidine, Histamine H2-Antagonists
glyburide, Sulfonylureas
opicapone, Catechol-O-Methyltransferase (COMT) Inhibitors
opium, Opiate Agonists
risperidone, Atypical Antipsychotics
interferon beta-1a,Interferon
jadenu,Chelating agents
regadenoson, Cardiac Function
regorafenib, Antineoplastic Agents
deferasirox, Heavy Metal Antagonists
ursodiol, Cholelitholytic Agents
remdesivir, Nucleosides and Nucleotides
mirtazapine," Antidepressants, Miscellaneous"
jakafi,Multikinase inhibitors
remifentanil, Opiate Agonists
remimazolam,Benzodiazepine
chlorzoxazone, Centrally Acting Skeletal Muscle Relaxants
jalyn,5-alpha-reductase inhibitors
repaglinide, Meglitinides
hydroxyzine," Anxiolytics, Sedatives, and Hypnotics; Miscellaneous"
reteplase, Thrombolytic Agents
jantoven,Coumarins and indandiones
revefenacin, Antimuscarinics/Antispasmodics
nalmefene, Opiate Antagonists
caffeine,Central Nervous System Stimulant
janumet,Antidiabetic combinations
dantrolene, Direct-acting Skeletal Muscle Relaxants
janumet xr,Antidiabetic combinations
januvia,Dipeptidyl peptidase 4 inhibitors
exemestane, Antiestrogens
exenatide, Incretin Mimetics
jardiance,SGLT-2 inhibitors
dexchlorpheniramine,Antihistamines
dexchlorpheniramine,Alkylamine Derivative
jasmiel,Contraceptives
mepivacaine,Local injectable anesthetics
mepivacaine,Local Anesthetic
polyethylene glycol 3350,"Laxative, Osmotic"
jatenzo,Androgens and anabolic steroids
pomalidomide, Antineoplastic Agents
ponatinib, Antineoplastic Agents
porfimer,"Antineoplastic Agent, Miscellaneous"
posaconazole, Azoles
potassium citrate,"Alkalinizing Agent, Oral"
potassium acetate,"Electrolyte Supplement, Parenteral"
potassium phosphate,"Electrolyte Supplement, Parenteral"
potassium gluconate,"Electrolyte Supplement, Oral"
cubicin,Miscellaneous antibiotics
vilazodone, Serotonin Modulators
cuprimine,Antirheumatics
nevirapine, HIV Nonnucleoside Reverse Transcriptase Inhibitors
vismodegib, Antineoplastic Agents
cutaquig,Immune globulins
vitamin a, Vitamin A
cutivate,Topical steroids
cuvitru,Immune globulins
cuvposa,Anticholinergics / antispasmodics
apalutamide, Antineoplastic Agents
apixaban, Direct Factor Xa Inhibitors
aplisol,In vivo diagnostic biologicals
isosorbide dinitrate,Antianginal Agent
isosorbide dinitrate,Antianginal agents
qmiiz odt,Nonsteroidal anti-inflammatory drugs
apokyn,Dopaminergic antiparkinsonism agents
apomorphine, Nonergot-derivative Dopamine Receptor Agonists
apremilast, Disease-modifying Antirheumatic Drugs
apresoline,Vasodilators
apri,Contraceptives
apriso,5-aminosalicylates
aptensio xr,CNS stimulants
meloxicam, Other Nonsteroidal Anti-inflammatory Agents
aptiom,Dibenzazepine anticonvulsants
aptivus,Protease inhibitors
doxorubicin, Antineoplastic Agents
dobutamine, Selective beta-1-Adrenergic Agonists
docefrez,Mitotic inhibitors
docetaxel, Antineoplastic Agents
docusate,Stool Softener
dofetilide, Class III Antiarrhythmics
eravacycline, Fluorocyclines
dojolvi,Oral nutritional supplements
dolasetron, 5-HT3 Receptor Antagonists
dolophine,Narcotic analgesics
dolutegravir, HIV Integrase Inhibitors
donepezil, Parasympathomimetic (Cholinergic) Agents
doxapram, Respiratory and CNS Stimulants
doptelet,Platelet-stimulating agents
eraxis,Echinocandins
quazepam,Benzodiazepines
quazepam,Benzodiazepine
doravirine, HIV Nonnucleoside Reverse Transcriptase Inhibitors
doribax,Carbapenems
doripenem, Carbapenems
dornase alfa, Mucolytic Agents
doryx,Miscellaneous antimalarials
erbitux,EGFR inhibitors
dostinex,Prolactin inhibitors
dovato,Antiviral combinations
doxazosin, alpha-Adrenergic Blocking Agents
doxepin topical, Antipruritics and Local Anesthetics
doxercalciferol, Vitamin D
doxorubicin liposomal,"Antineoplastic Agent, Anthracycline"
erdafitinib, Antineoplastic Agents
fabrazyme,Lysosomal enzymes
factive,Quinolones
etanercept, Disease-modifying Antirheumatic Drugs
factor xiii, Hemostatics
falmina,Contraceptives
famciclovir, Nucleosides and Nucleotides
famvir,Purine nucleosides
phenylephrine nasal,Alpha-Adrenergic Agonist 
fanapt,Atypical antipsychotics
fansidar,Antimalarial combinations
fareston,Hormones / antineoplastics
farxiga,SGLT-2 inhibitors
farydak,Histone deacetylase inhibitors
fasenra,Interleukin inhibitors
faslodex,Estrogen receptor antagonists
fazaclo,Atypical antipsychotics
ergocalciferol, Vitamin D
pradaxa,Thrombin inhibitors
pralatrexate, Antineoplastic Agents
pralidoxime, Antidotes
pralsetinib, Antineoplastic Agents
pramipexole, Nonergot-derivative Dopamine Receptor Agonists
prandimet,Antidiabetic combinations
ergoloid mesylates,Ergot Derivative
prandin,Meglitinides
prascion cleanser,Topical antibiotics
prasugrel, Platelet-aggregation Inhibitors
pravachol,Statins
pravastatin, HMG-CoA Reductase Inhibitors
pravigard pac,Antihyperlipidemic combinations
praziquantel, Anthelmintics
prazosin, alpha-Adrenergic Blocking Agents
precedex,"Miscellaneous anxiolytics, sedatives and hypnotics"
precose,Alpha-glucosidase inhibitors
prefest,Sex hormone combinations
ergotamine, Non-selective alpha-Adrenergic Blocking Agents
pregabalin," Anticonvulsants, Miscellaneous"
pregnyl,Gonadotropins
premarin,Estrogens
prepidil,Uterotonic agents
prepopik,Laxatives
prestalia,ACE inhibitors with calcium channel blocking agents
pretomanid, Antituberculosis Agents
prevacid,Proton pump inhibitors
lansoprazole, Proton-pump Inhibitors
prevacid naprapac,Nonsteroidal anti-inflammatory drugs
prevalite,Bile acid sequestrants
previfem,Contraceptives
prevpac,H. pylori eradication agents
prevymis,Miscellaneous antivirals
eribulin, Antineoplastic Agents
prezcobix,Antiviral combinations
prezista,Protease inhibitors
prialt,Miscellaneous analgesics
priftin,Rifamycin derivatives
prilocaine, Local Anesthetics
prilosec,Proton pump inhibitors
milrinone, Cardiotonic Agents
primlev,Narcotic analgesic combinations
primaquine, Antimalarials
erivedge,Hedgehog pathway inhibitors
primidone, Barbiturates
prinivil,Angiotensin Converting Enzyme Inhibitors
prinzide,ACE inhibitors with thiazides
pristiq,Serotonin-norepinephrine reuptake inhibitors
privigen,Immune globulins
pro-banthine,Anticholinergics / antispasmodics
erleada,Antiandrogens
proair digihaler,Adrenergic bronchodilators
proair hfa,Adrenergic bronchodilators
proair respiclick,Adrenergic bronchodilators
procentra,CNS stimulants
fenoprofen, Other Nonsteroidal Anti-inflammatory Agents
proquad,Vaccine combinations
proamatine,Miscellaneous cardiovascular agents
erlotinib, Antineoplastic Agents
procainamide, Class Ia Antiarrhythmics
procarbazine, Antineoplastic Agents
procardia,Calcium channel blocking agents
procardia xl,Calcium channel blocking agents
prochlorperazine, Phenothiazines
procrit,Recombinant human erythropoietins
proctocort,Topical steroids
phenylephrine topical,Alpha-Adrenergic Agonist 
errin,Contraceptives
proglycem,Agents for hypertensive emergencies
prograf,Calcineurin inhibitors
prolate,Narcotic analgesic combinations
prolensa,Ophthalmic anti-inflammatory agents
proleukin,Interleukins
prolia,Miscellaneous bone resorption inhibitors
prolixin,Phenothiazine antipsychotics
fluphenazine, Phenothiazines
proloprim,Urinary anti-infectives
promethazine, First Generation Antihistamines
promacta,Platelet-stimulating agents
promethazine dm,Upper respiratory combinations
promethazine vc with codeine,Upper respiratory combinations
ertapenem, Carbapenems
promethegan,Antihistamines
prometrium,Progestins
pronestyl,Group I antiarrhythmics
propafenone, Class Ic Antiarrhythmics
propantheline, Antimuscarinics/Antispasmodics
propine,Ophthalmic glaucoma agents
propofol," General Anesthetics, Miscellaneous"
ertugliflozin, Sodium-glucose Cotransporter 2 (SGLT2) Inhibitors
propoven,General anesthetics
propranolol, beta-Adrenergic Blocking Agents
propylthiouracil, Antithyroid Agents
proquin xr,Quinolones
prosom,Benzodiazepines
neostigmine, Parasympathomimetic (Cholinergic) Agents
prostin e2,Uterotonic agents
protonix,Proton pump inhibitors
pantoprazole, Proton-pump Inhibitors
protriptyline, Tricyclics and Other Norepinephrine-reuptake Inhibitors
provayblue,Antidotes
provenge,Therapeutic vaccines
proventil hfa,Adrenergic bronchodilators
provera,Contraceptives
provigil,CNS stimulants
prozac weekly,Selective serotonin reuptake inhibitors
prucalopride, Prokinetic Agents
prudoxin,Topical antihistamines
asparaginase erwinia chrysanthemi, Antineoplastic Agents
insulin aspart, Rapid-acting Insulins
fibricor,Fibric acid derivatives
fidaxomicin, Other Macrolides
finacea,Topical acne agents
finasteride, 5-alpha-Reductase Inhibitors
fingolimod, Immunomodulatory Agents
fintepla,CNS stimulants
erwinaze,Miscellaneous antineoplastics
fioricet,Analgesic combinations
fioricet with codeine,Narcotic analgesic combinations
fiorinal,Analgesic combinations
fiorinal with codeine,Narcotic analgesic combinations
firazyr,Hereditary angioedema agents
firdapse,Cholinergic muscle stimulants
firmagon,Gonadotropin-releasing hormone antagonists
firvanq,Glycopeptide antibiotics
chantix,Smoking cessation agents
chemet,Chelating agents
chenodal,Gallstone solubilizing agents
chirhostim,In vivo diagnostic biologicals
chlorambucil, Antineoplastic Agents
chloramphenicol, Chloramphenicol
ery-tab,Macrolides
chlordiazepoxide, Benzodiazepines
chloroprocaine,Local Anesthetic
chloroprocaine,Local injectable anesthetics
phenytek,Group I antiarrhythmics
chlorpromazine, Phenothiazines
chlorpropamide, Sulfonylureas
chlorthalidone, Thiazide-like Diuretics
cholestyramine, Bile Acid Sequestrants
eryped,Macrolides
thalidomide, Immunomodulatory Agents
thioguanine, Antineoplastic Agents
eryc,Macrolides
thioridazine,First Generation (Typical) Antipsychotic
thioridazine,Phenothiazine antipsychotics
thiothixene, Thioxanthenes
antithrombin iii," Anticoagulants, Miscellaneous"
levothyroxine, Thyroid Agents
pyrazinamide, Antituberculosis Agents
pyrimethamine, Antimalarials
frovatriptan, Selective Serotonin Agonists
macimorelin,Diagnostic Agent
macitentan, Vasodilating Agents
magnesium sulfate," Anticonvulsants, Miscellaneous"
magnesium gluconate,"Electrolyte Supplement, Oral"
magnesium citrate,"Laxative, Saline"
erythrocin,Macrolides
magnesium chloride,"Electrolyte Supplement, Oral"
magnesium hydroxide,Antacid
magnesium oxide,"Electrolyte Supplement, Oral"
magnesium salicylate,Salicylate
maprotiline, Tricyclics and Other Norepinephrine-reuptake Inhibitors
maraviroc, HIV Entry and Fusion Inhibitors
dexamethasone ophthalmic,"Anti-inflammatory Agent, Ophthalmic"
phenytoin, Hydantoins
zubsolv,Narcotic analgesic combinations
fluoxymesterone, Androgens
zulresso,Miscellaneous antidepressants
fosaprepitant,Antiemetic
ephedrine, alpha- and beta-Adrenergic Agonists
empagliflozin, Sodium-glucose Cotransporter 2 (SGLT2) Inhibitors
zuplenz,5HT3 receptor antagonists
emtricitabine, HIV Nucleoside and Nucleotide Reverse Transcriptase Inhibitors
zurampic,Antihyperuricemic agents
febuxostat, Antigout Agents
fedratinib, Antineoplastic Agents
felbamate," Anticonvulsants, Miscellaneous"
felodipine, Dihydropyridines
zutripro,Upper respiratory combinations
fenfluramine,"Anticonvulsant, Miscellaneous"
fenofibric acid,Fibric acid derivatives
fenoldopam, Direct Vasodilators
leuprolide, Gonadotropins
ferric citrate, Phosphate-removing Agents
ferric carboxymaltose, Iron Preparations
ferric derisomaltose, Iron Preparations
ferrous sulfate,Iron Preparations
ferrous fumarate,Iron Preparations
ferrous gluconate,Iron Preparations
ferumoxytol, Iron Preparations
fesoterodine, Genitourinary Smooth Muscle Relaxants
levomilnacipran, Selective Serotonin- and Norepinephrine-reuptake Inhibitors
flunisolide, Adrenals
ibandronate, Bone Resorption Inhibitors
irbesartan, Angiotensin II Receptor Antagonists
ibritumomab, Antineoplastic Agents
ibrutinib, Antineoplastic Agents
ibutilide, Class III Antiarrhythmics
phesgo,HER2 inhibitors
se-donna pb hyos,Anticholinergics / antispasmodics
idarubicin, Antineoplastic Agents
idelalisib, Antineoplastic Agents
anagrelide, Platelet-reducing Agents
anakinra, Disease-modifying Antirheumatic Drugs
anastrozole, Antiestrogens
seasonale,Contraceptives
succinylcholine, Neuromuscular Blocking Agents
angiotensin ii, Renin-Angiotensin-Aldosterone System (RAAS)
anidulafungin, Echinocandins
seasonique,Contraceptives
anthrax vaccine adsorbed,Vaccine
antivenin micrurus fulvius,Antivenin
oxybutynin, Antimuscarinics
escitalopram, Selective Serotonin-reuptake Inhibitors
secnidazole," Antiprotozoals, Miscellaneous"
esketamine," Antidepressants, Miscellaneous"
eslicarbazepine," Anticonvulsants, Miscellaneous"
esmolol, beta-Adrenergic Blocking Agents
esomeprazole, Proton-pump Inhibitors
estazolam, Benzodiazepines
secretin,Diagnostic Agent
estradiol topical,Estrogen Derivative
estramustine, Antineoplastic Agents
sectral,Cardioselective beta blockers
eszopiclone," Anxiolytics, Sedatives, and Hypnotics; Miscellaneous"
asenapine, Atypical Antipsychotics
pimavanserin, Atypical Antipsychotics
pimozide," Antipsychotics, Miscellaneous"
pioglitazone, Thiazolidinediones
secukinumab," Skin and Mucous Membrane Agents, Miscellaneous"
pirfenidone, Antifibrotic Agents
pitolisant, Wakefulness-promoting Agents
glycopyrrolate, Antimuscarinics/Antispasmodics
seebri neohaler,Anticholinergic bronchodilators
cobicistat, Other Miscellaneous Therapeutic Agents
cobimetinib, Antineoplastic Agents
codeine, Opiate Agonists
colchicine, Antigout Agents
segluromet,Antidiabetic combinations
colesevelam, Bile Acid Sequestrants
colestipol, Bile Acid Sequestrants
colistimethate, Polymyxins
collagenase clostridium histolyticum, Enzymes
midazolam, Benzodiazepines
tizanidine, Centrally Acting Skeletal Muscle Relaxants
conivaptan, Vasopressin Antagonists
selegiline, Monoamine Oxidase B Inhibitors
selexipag, Vasodilating Agents
corticotropin, Pituitary
selfemra,Selective serotonin reuptake inhibitors
cosyntropin,Adrenocorticotropin Stimulating Hormone
selinexor, Antineoplastic Agents
psyllium,Antidiarrheal
sodium bicarbonate, Alkalinizing Agents
nefazodone, Serotonin Modulators
nelarabine, Antineoplastic Agents
nelfinavir, HIV Protease Inhibitors
pentobarbital, Barbiturates
selpercatinib, Antineoplastic Agents
neomycin topical, Antibacterials
selumetinib, Antineoplastic Agents
neratinib, Antineoplastic Agents
nesiritide," Vasodilating Agents, Miscellaneous"
selzentry,Chemokine receptor antagonist
rotigotine, Nonergot-derivative Dopamine Receptor Agonists
semaglutide, Incretin Mimetics
semglee,Insulin
rucaparib, Antineoplastic Agents
semprex-d,Upper respiratory combinations
rufinamide," Anticonvulsants, Miscellaneous"
rituximab, Antineoplastic Agents
ruxolitinib, Antineoplastic Agents
ribavirin, Nucleosides and Nucleotides
phisohex,Antiseptic and germicides
ribociclib, Antineoplastic Agents
rifabutin, Antituberculosis Agents
rifampin, Antituberculosis Agents
rifamycin, Rifamycins
rifapentine, Antituberculosis Agents
sensipar,Calcimimetics
rifaximin, Rifamycins
rilonacept, Other Miscellaneous Therapeutic Agents
rilpivirine, HIV Nonnucleoside Reverse Transcriptase Inhibitors
riluzole," Central Nervous System Agents, Miscellaneous"
rimabotulinumtoxinb, Other Miscellaneous Therapeutic Agents
rimantadine, Adamantanes
rimegepant, Calcitonin Gene-related Peptide (CGRP) Antagonists
bupivacaine, Local Anesthetics
riociguat, Vasodilating Agents
ripretinib, Antineoplastic Agents
risdiplam, Other Miscellaneous Therapeutic Agents
risedronate, Bone Resorption Inhibitors
ritonavir, HIV Protease Inhibitors
rivaroxaban, Direct Factor Xa Inhibitors
rivastigmine, Parasympathomimetic (Cholinergic) Agents
rizatriptan, Selective Serotonin Agonists
sumatriptan, Selective Serotonin Agonists
septocaine,Local injectable anesthetics
paricalcitol, Vitamin D
septra,Sulfonamides
stavudine, HIV Nucleoside and Nucleotide Reverse Transcriptase Inhibitors
oxacillin, Penicillinase-resistant Penicillins
oxaliplatin, Antineoplastic Agents
oxandrolone, Androgens
oxaprozin, Other Nonsteroidal Anti-inflammatory Agents
oxazepam, Benzodiazepines
oxcarbazepine," Anticonvulsants, Miscellaneous"
oxymetholone,Anabolic Steroid
oxymorphone, Opiate Agonists
fluoxetine, Selective Serotonin-reuptake Inhibitors
sernivo,Topical steroids
ozanimod, Immunomodulatory Agents
serophene,Synthetic ovulation stimulants
lumateperone, Atypical Antipsychotics
seroquel,Atypical antipsychotics
lurasidone, Atypical Antipsychotics
lurbinectedin, Antineoplastic Agents
lusutrombopag, Hematopoietic Agents
lutetium lu 177 dotatate, Antineoplastic Agents
fluvoxamine, Selective Serotonin-reuptake Inhibitors
seroquel xr,Atypical antipsychotics
itraconazole, Azoles
serostim,Growth hormones
iloperidone, Atypical Antipsychotics
iloprost, Vasodilating Agents
indocyanine green,Miscellaneous diagnostic dyes
icatibant, Complement Inhibitors
glasdegib, Antineoplastic Agents
glatiramer, Immunomodulatory Agents
sertraline, Selective Serotonin-reuptake Inhibitors
glimepiride, Sulfonylureas
glipizide, Sulfonylureas
glucarpidase, Antidotes
serzone,Phenylpiperazine antidepressants
lidocaine topical,"Analgesic, Topical"
fosphenytoin, Hydantoins
oseltamivir, Neuraminidase Inhibitors
sevelamer, Phosphate-removing Agents
osilodrostat, Other Miscellaneous Therapeutic Agents
osimertinib, Antineoplastic Agents
ospemifene, Estrogen Agonists-Antagonists
quetiapine, Atypical Antipsychotics
quinidine, Class Ia Antiarrhythmics
quinine, Antimalarials
quinapril, Angiotensin-Converting Enzyme Inhibitors
sevoflurane,General anesthetics
flavoxate, Genitourinary Smooth Muscle Relaxants
flecainide, Class Ic Antiarrhythmics
seysara,Tetracyclines
flibanserin," Central Nervous System Agents, Miscellaneous"
fludrocortisone, Adrenals
braftovi,Multikinase inhibitors
floxuridine, Antineoplastic Agents
bremelanotide," Central Nervous System Agents, Miscellaneous"
fluconazole, Azoles
flucytosine, Pyrimidines
fludarabine, Antineoplastic Agents
flumazenil," Central Nervous System Agents, Miscellaneous"
brentuximab, Antineoplastic Agents
flurazepam, Benzodiazepines
breo ellipta,Bronchodilator combinations
flurbiprofen, Other Nonsteroidal Anti-inflammatory Agents
flutamide, Antineoplastic Agents
fluticasone topical,"Corticosteroid, Topical"
fluvastatin, HMG-CoA Reductase Inhibitors
brevibloc,Cardioselective beta blockers
brevital sodium,General anesthetics
norepinephrine, alpha- and beta-Adrenergic Agonists
norfloxacin,"Antibiotic, Fluoroquinolone"
paclitaxel, Antineoplastic Agents
hydralazine, Direct Vasodilators
irinotecan, Antineoplastic Agents
brexafemme,Miscellaneous antifungals
tadalafil, Phosphodiesterase Type 5 Inhibitors
tafamidis," Antiarrhythmics, Miscellaneous"
brexanolone," Antidepressants, Miscellaneous"
cimetidine, Histamine H2-Antagonists
talazoparib, Antineoplastic Agents
brexpiprazole, Atypical Antipsychotics
talimogene laherparepvec, Antineoplastic Agents
pentazocine, Opiate Partial Agonists
tamoxifen, Estrogen Agonists-Antagonists
brexucabtagene autoleucel,"Antineoplastic Agent, Anti-CD19"
tamsulosin, Selective alpha-1-Adrenergic Blocking Agents
tapentadol, Opiate Agonists
breyanzi,Miscellaneous antineoplastics
clemastine, First Generation Antihistamines
tazemetostat, Antineoplastic Agents
bridion,Miscellaneous central nervous system agents
brigatinib, Antineoplastic Agents
lofexidine, alpha-Adrenergic Agonists
lomitapide," Antilipemic Agents, Miscellaneous"
lomustine, Antineoplastic Agents
ticagrelor, Platelet-aggregation Inhibitors
lorazepam, Benzodiazepines
lorcaserin, Selective Serotonin Receptor Agonists
lorlatinib, Antineoplastic Agents
losartan, Angiotensin II Receptor Antagonists
brimonidine topical," Skin and Mucous Membrane Agents, Miscellaneous"
loxapine," Antipsychotics, Miscellaneous"
vorapaxar, Platelet-aggregation Inhibitors
vorinostat, Antineoplastic Agents
vortioxetine, Serotonin Modulators
voxelotor," Blood Formation, Coagulation, and Thrombosis Agents; Miscellaneous"
umeclidinium, Antimuscarinics/Antispasmodics
ubrogepant, Calcitonin Gene-related Peptide (CGRP) Antagonists
brisdelle,Selective serotonin reuptake inhibitors
epirubicin, Antineoplastic Agents
phoslo,Minerals and electrolytes
brivaracetam," Anticonvulsants, Miscellaneous"
axicabtagene ciloleucel,"Antineoplastic Agent, Anti-CD19"
axitinib, Antineoplastic Agents
briviact,Pyrrolidine anticonvulsants
rocuronium, Neuromuscular Blocking Agents
roflumilast, Phosphodiesterase Type 4 Inhibitors
rolapitant, Neurokinin-1 Receptor Antagonists
romidepsin, Antineoplastic Agents
brodalumab," Skin and Mucous Membrane Agents, Miscellaneous"
ropinirole, Nonergot-derivative Dopamine Receptor Agonists
rosiglitazone, Thiazolidinediones
rosuvastatin, HMG-CoA Reductase Inhibitors
levetiracetam," Anticonvulsants, Miscellaneous"
bromsite,Ophthalmic anti-inflammatory agents
lefamulin, Pleuromutilins
leflunomide, Disease-modifying Antirheumatic Drugs
lemborexant," Anxiolytics, Sedatives, and Hypnotics; Miscellaneous"
lenalidomide, Immunomodulatory Agents
lenvatinib, Antineoplastic Agents
lesinurad, Uricosuric Agents
letermovir," Antivirals, Miscellaneous"
letrozole, Antiestrogens
leucovorin, Antidotes
levamlodipine,Antihypertensive
insulin detemir, Long-acting Insulins
levocarnitine, Other Miscellaneous Therapeutic Agents
levocetirizine, Second Generation Antihistamines
levoleucovorin, Antidotes
levorphanol, Opiate Agonists
bromday,Ophthalmic anti-inflammatory agents
bromfed dm,Upper respiratory combinations
phoslyra,Minerals and electrolytes
bromfenac, Nonsteroidal Anti-inflammatory Agents
irinotecan liposomal,"Antineoplastic Agent, Camptothecin"
iron dextran, Iron Preparations
ifosfamide, Antineoplastic Agents
bromocriptine, Ergot-derivative Dopamine Receptor Agonists
adefovir, Nucleosides and Nucleotides
adenosine, Class IV Antiarrhythmics
adenovirus vaccine, Vaccines
ado-trastuzumab emtansine, Antineoplastic Agents
succimer, Heavy Metal Antagonists
sucralfate, Protectants
sucroferric oxyhydroxide, Phosphate-removing Agents
sufentanil, Opiate Agonists
sugammadex, Antidotes
sulfadiazine, Sulfonamides
sulindac, Other Nonsteroidal Anti-inflammatory Agents
sunitinib, Antineoplastic Agents
brovana,Adrenergic bronchodilators
suvorexant," Anxiolytics, Sedatives, and Hypnotics; Miscellaneous"
phospha 250 neutral,Minerals and electrolytes
brukinsa,BTK inhibitors
bryhali,Topical steroids
enalapril, Angiotensin-Converting Enzyme Inhibitors
enasidenib, Antineoplastic Agents
encorafenib, Antineoplastic Agents
enfuvirtide, HIV Entry and Fusion Inhibitors
enoxaparin, Heparins
entacapone, Catechol-O-Methyltransferase (COMT) Inhibitors
entecavir, Nucleosides and Nucleotides
entrectinib, Antineoplastic Agents
tubersol,In vivo diagnostic biologicals
enzalutamide, Antineoplastic Agents
carbinoxamine, First Generation Antihistamines
histrelin, Gonadotropins
tucatinib, Antineoplastic Agents
tudorza pressair,Anticholinergic bronchodilators
elagolix, Antigonadotropins
tukysa,HER2 inhibitors
eletriptan, Selective Serotonin Agonists
eliglustat, Other Miscellaneous Therapeutic Agents
turalio,Multikinase inhibitors
elotuzumab, Antineoplastic Agents
eltrombopag, Hematopoietic Agents
tussicaps,Upper respiratory combinations
eluxadoline," GI Drugs, Miscellaneous"
elvitegravir,"Antiretroviral, Integrase Inhibitor (Anti-HIV)"
incobotulinumtoxina, Other Miscellaneous Therapeutic Agents
phosphasal,Urinary antispasmodics
indacaterol, Selective beta-2-Adrenergic Agonists
indapamide, Thiazide-like Diuretics
indinavir, HIV Protease Inhibitors
tussigon,Upper respiratory combinations
tussin dm,Upper respiratory combinations
tussionex pennkinetic,Upper respiratory combinations
inotersen, Antisense Oligonucleotides
insulin degludec, Long-acting Insulins
insulin glargine, Long-acting Insulins
insulin glulisine, Rapid-acting Insulins
interferon alfa-2b,"Antineoplastic Agent, Biological Response Modulator"
interferon alfa-n3,Interferon
interferon beta-1b,Interferon
bortezomib, Antineoplastic Agents
bosentan, Vasodilating Agents
bosutinib, Antineoplastic Agents
tuzistra xr,Upper respiratory combinations
botulism immune globulin, Antitoxins and Immune Globulins
sodium acetate,"Electrolyte Supplement, Parenteral"
sodium polystyrene sulfonate, Potassium-removing Agents
sodium oxybate," Central Nervous System Agents, Miscellaneous"
sofosbuvir, HCV Polymerase Inhibitors
solifenacin, Antimuscarinics
solriamfetol, Wakefulness-promoting Agents
guanabenz,"Antiadrenergic agents, centrally acting"
somatropin,Growth Hormone
sonidegib, Antineoplastic Agents
sorafenib, Antineoplastic Agents
sorbitol,Genitourinary Irrigant
plan b,Contraceptives
sotalol, beta-Adrenergic Blocking Agents
furosemide, Loop Diuretics
plan b one-step,Contraceptives
spironolactone, Mineralocorticoid (Aldosterone) Receptor Antagonists
plaquenil,Antimalarial quinolines
bleomycin, Antineoplastic Agents
blinatumomab, Antineoplastic Agents
lacosamide," Anticonvulsants, Miscellaneous"
lactitol,Ammonium Detoxicant
lamotrigine," Anticonvulsants, Miscellaneous"
lanreotide, Somatostatin Agonists
lapatinib, Antineoplastic Agents
larotrectinib, Antineoplastic Agents
lasmiditan, Selective Serotonin Agonists
warfarin, Coumarin Derivatives
platinol,Alkylating agents
yellow fever vaccine, Vaccines
decitabine, Antineoplastic Agents
deferiprone, Heavy Metal Antagonists
deferoxamine, Heavy Metal Antagonists
defibrotide," Antithrombotic Agents, Miscellaneous"
platinol-aq,Alkylating agents
deflazacort, Adrenals
degarelix, Antigonadotropins
delafloxacin, Quinolones
delavirdine,"Antiretroviral, Reverse Transcriptase Inhibitor, Non-nucleoside (Anti-HIV)"
plavix,Platelet aggregation inhibitors
demeclocycline, Tetracyclines
plazomicin, Aminoglycosides
denosumab, Bone Resorption Inhibitors
deoxycholic acid, Other Miscellaneous Therapeutic Agents
plecanatide," GI Drugs, Miscellaneous"
plegridy,Interferons
desipramine, Tricyclics and Other Norepinephrine-reuptake Inhibitors
plendil,Calcium channel blocking agents
desirudin, Direct Thrombin Inhibitors
desloratadine, Second Generation Antihistamines
desmopressin, Pituitary
desvenlafaxine, Selective Serotonin- and Norepinephrine-reuptake Inhibitors
plenvu,Laxatives
deutetrabenazine, Vesicular Monoamine Transporter 2 (VMAT2) Inhibitors
dexlansoprazole, Proton-pump Inhibitors
dexmedetomidine," Anxiolytics, Sedatives, and Hypnotics; Miscellaneous"
dexmethylphenidate, Respiratory and CNS Stimulants
dexrazoxane, Protective Agents
pletal,Miscellaneous cardiovascular agents
ipilimumab, Antineoplastic Agents
olaparib, Antineoplastic Agents
natalizumab, Immunomodulatory Agents
tiagabine," Anticonvulsants, Miscellaneous"
ticlopidine, Platelet-aggregation Inhibitors
tigecycline, Glycylcyclines
natazia,Contraceptives
tinidazole," Antiprotozoals, Miscellaneous"
tiotropium, Antimuscarinics/Antispasmodics
tipranavir, HIV Protease Inhibitors
tirofiban, Platelet-aggregation Inhibitors
nateglinide, Meglitinides
tisagenlecleucel,"Antineoplastic Agent, Anti-CD19"
ezetimibe, Cholesterol Absorption Inhibitors
ezogabine,"Anticonvulsant, Neuronal Potassium Channel Opener"
natpara,Parathyroid hormone and analogs
peanut allergen powder,Allergen-Specific Immunotherapy
natrecor,Vasodilators
pegaspargase, Antineoplastic Agents
peginterferon alfa-2a,Interferon
peginterferon alfa-2b,"Antineoplastic Agent, Biological Response Modulator"
peginterferon beta-1a, Immunomodulatory Agents
pegloticase, Antigout Agents
pegvisomant, Somatotropin Antagonists
pembrolizumab, Antineoplastic Agents
pemetrexed, Antineoplastic Agents
pemigatinib, Antineoplastic Agents
penicillamine, Heavy Metal Antagonists
vitamin e, Vitamin E
pentamidine," Antiprotozoals, Miscellaneous"
folic acid, Vitamin B Complex
pentoxifylline, Hemorrheologic Agents
pentostatin, Antineoplastic Agents
perampanel," Anticonvulsants, Miscellaneous"
olaratumab, Antineoplastic Agents
perindopril, Angiotensin-Converting Enzyme Inhibitors
navane,Thioxanthenes
pergolide,Dopaminergic antiparkinsonism agents
pexidartinib, Antineoplastic Agents
vinorelbine, Antineoplastic Agents
nayzilam,Benzodiazepines
xgeva,Miscellaneous bone resorption inhibitors
tobi,Aminoglycosides
tobi podhaler,Aminoglycosides
tobradex,Ophthalmic steroids with anti-infectives
oleptro,Phenylpiperazine antidepressants
tobradex st,Ophthalmic steroids with anti-infectives
tocilizumab, Disease-modifying Antirheumatic Drugs
tofacitinib, Disease-modifying Antirheumatic Drugs
tofranil,Tricyclic antidepressants
tofranil-pm,Tricyclic antidepressants
tolbutamide, Sulfonylureas
oliceridine,"Analgesic, Opioid"
tolazamide, Sulfonylureas
tolcapone, Catechol-O-Methyltransferase (COMT) Inhibitors
tolmetin, Other Nonsteroidal Anti-inflammatory Agents
tolinase,Sulfonylureas
tolsura,Azole antifungals
tolterodine, Antimuscarinics
tolvaptan, Vasopressin Antagonists
olinvyk,Narcotic analgesics
topamax,Carbonic anhydrase inhibitor anticonvulsants
topiramate," Anticonvulsants, Miscellaneous"
loratadine, Second Generation Antihistamines
aspirin, Salicylates
phenadoz,Antihistamines
olmesartan, Angiotensin II Receptor Antagonists
benzocaine topical, Antipruritics and Local Anesthetics
medi-derm rx,Topical rubefacient
topicort,Topical steroids
topiragen,Carbonic anhydrase inhibitor anticonvulsants
etoposide, Antineoplastic Agents
toposar,Mitotic inhibitors
topotecan, Antineoplastic Agents
toprol-xl,Cardioselective beta blockers
toradol,Nonsteroidal anti-inflammatory drugs
torecan,Phenothiazine antiemetics
toremifene, Estrogen Agonists-Antagonists
torisel,MTOR inhibitors
torsemide, Loop Diuretics
tosymra,Antimigraine agents
ampicillin, Aminopenicillins
totect,Miscellaneous uncategorized agents
toviaz,Urinary antispasmodics
xeglyze,Topical anti-infectives
xeljanz,Antirheumatics
xeloda,Antimetabolites
olodaterol, Selective beta-2-Adrenergic Agonists
xelpros,Ophthalmic glaucoma agents
xembify,Immune globulins
xenazine,VMAT2 inhibitors
xenical,Peripherally acting antiobesity agents
xenleta,Miscellaneous antibiotics
xeomin,Skeletal muscle relaxants
xerava,Tetracyclines
xermelo,Miscellaneous GI agents
klofensaid ii,Topical non-steroidal anti-inflammatories
klonopin,Benzodiazepine anticonvulsants
klor-con,Minerals and electrolytes
potassium chloride,"Electrolyte Supplement, Oral"
kloxxado,Antidotes
sabril,Gamma-aminobutyric acid analogs
vigabatrin," Anticonvulsants, Miscellaneous"
safinamide, Monoamine Oxidase B Inhibitors
safyral,Contraceptives
saizen,Growth hormones
olopatadine nasal,Histamine H1 Antagonist
salagen,Cholinergic agonists
sulfasalazine, Sulfonamides
albuterol, Selective beta-2-Adrenergic Agonists
salex,Topical acne agents
salmeterol, Selective beta-2-Adrenergic Agonists
mesalamine, Anti-inflammatory Agents
olsalazine, Anti-inflammatory Agents
salsalate, Salicylates
salvax,Topical acne agents
samarium sm 153 lexidronam,Radiopharmaceutical
samsca,Vasopressin antagonists
sanctura,Urinary antispasmodics
sanctura xr,Urinary antispasmodics
sancuso,5HT3 receptor antagonists
sandimmune,Calcineurin inhibitors
sandostatin,Somatostatin and somatostatin analogs
olumiant,Antirheumatics
saphnelo,Selective immunosuppressants
saphris,Atypical antipsychotics
sapropterin, Other Miscellaneous Therapeutic Agents
saquinavir, HIV Protease Inhibitors
sarafem,Selective serotonin reuptake inhibitors
sarclisa,CD38 monoclonal antibodies
sarecycline, Aminomethylcyclines
sargramostim, Hematopoietic Agents
sarilumab, Disease-modifying Antirheumatic Drugs
olux,Topical steroids
savaysa,Factor Xa inhibitors
savella,Serotonin-norepinephrine reuptake inhibitors
saxagliptin, Dipeptidyl Peptidase-4 (DPP-4) Inhibitors
saxenda,Incretin mimetics
olux-e,Topical steroids
obeticholic acid," GI Drugs, Miscellaneous"
obinutuzumab, Antineoplastic Agents
obizur,Miscellaneous coagulation modifiers
yf-vax,Viral vaccines
utibron neohaler,Bronchodilator combinations
fexofenadine, Second Generation Antihistamines
mucinex d,Upper respiratory combinations
mucinex dm,Upper respiratory combinations
olysio,Protease inhibitors
mucomyst,Mucolytics
mulpleta,Platelet-stimulating agents
multaq,Group III antiarrhythmics
multihance,Magnetic resonance imaging contrast media
carbamazepine," Anticonvulsants, Miscellaneous"
trace elements,"Trace Element, Parenteral"
alprostadil," Vasodilating Agents, Miscellaneous"
mustargen,Alkylating agents
mutamycin,Antibiotics / antineoplastics
ascorbic acid, Vitamin C
dextromethorphan, Antitussives
aripiprazole, Atypical Antipsychotics
cresemba,Azole antifungals
crestor,Statins
progesterone, Progestins
crixivan,Protease inhibitors
crizotinib, Antineoplastic Agents
nabilone," Antiemetics, Miscellaneous"
clotrimazole, Azoles
cryselle,Contraceptives
crysvita,Miscellaneous metabolic agents
diclofenac topical, Nonsteroidal Anti-inflammatory Agents
tecartus,Miscellaneous antineoplastics
dsuvia,Narcotic analgesics
mitoxantrone, Antineoplastic Agents
otezla,Antirheumatics
otrexup,Antimetabolites
tecentriq,Anti-PD-1 monoclonal antibodies
syeda,Contraceptives
sylatron,Antineoplastic interferons
sylvant,Interleukin inhibitors
hyoscyamine, Antimuscarinics/Antispasmodics
symbicort,Bronchodilator combinations
symbyax,Psychotherapeutic combinations
symdeko,CFTR combinations
symfi,Antiviral combinations
symfi lo,Antiviral combinations
symlin,Amylin analogs
pramlintide, Amylinomimetics
symmetrel,Adamantane antivirals
sympazan,Benzodiazepine anticonvulsants
symproic,Peripheral opioid receptor antagonists
symtuza,Antiviral combinations
synalar,Topical steroids
fluocinolone topical, Corticosteroids
mebrofenin,Radiologic conjugating agents
synalgos-dc,Narcotic analgesic combinations
syndros,Miscellaneous antiemetics
synercid,Streptogramins
synjardy,Antidiabetic combinations
synjardy xr,Antidiabetic combinations
synribo,Miscellaneous antineoplastics
phenazopyridine, Antipruritics and Local Anesthetics
oxytocin, Oxytocics
diabinese,Sulfonylureas
diacomit,Gamma-aminobutyric acid reuptake inhibitors
loperamide, Antidiarrhea Agents
acetazolamide, Carbonic Anhydrase Inhibitors
diamox sequels,Carbonic anhydrase inhibitor anticonvulsants
diazepam, Benzodiazepines
diazoxide," Antihypoglycemic Agents, Miscellaneous"
dicyclomine, Antimuscarinics/Antispasmodics
dibenzyline,Miscellaneous cardiovascular agents
dichlorphenamide, Carbonic Anhydrase Inhibitors
diclegis,Miscellaneous antiemetics
diclostream,Topical non-steroidal anti-inflammatories
pentetate calcium trisodium,Antidotes
diclofenac ophthalmic,Nonsteroidal Anti-inflammatory Drug (NSAID)
dicloxacillin, Penicillinase-resistant Penicillins
didanosine, HIV Nucleoside and Nucleotide Reverse Transcriptase Inhibitors
didrex,Anorexiants
didronel,Bisphosphonates
dificid,Macrolides
diflucan,Azole antifungals
diflunisal, Other Nonsteroidal Anti-inflammatory Agents
digifab,Antidotes
digoxin immune fab, Antitoxins and Immune Globulins
digoxin, Cardiotonic Agents
digitek,Group V antiarrhythmics
dihydroergotamine, Non-selective alpha-Adrenergic Blocking Agents
dilacor xr,Calcium channel blocking agents
dilantin,Group I antiarrhythmics
dilatrate-sr,Antianginal agents
dilaudid,Narcotic analgesics
dilaudid-hp,Narcotic analgesics
diltiazem," Calcium-Channel Blocking Agents, Miscellaneous"
tetrofosmin,Radiologic conjugating agents
dilt-xr,Calcium channel blocking agents
diltia xt,Calcium channel blocking agents
diltzac,Calcium channel blocking agents
dimenhydrinate, Antihistamines
dimercaprol, Heavy Metal Antagonists
dimethyl fumarate, Immunomodulatory Agents
dinutuximab, Antineoplastic Agents
diovan,Angiotensin receptor blockers
technivie,Antiviral combinations
diovan hct,Angiotensin II inhibitors with thiazides
dipentum,5-aminosalicylates
diprivan,General anesthetics
diprolene,Topical steroids
dipyridamole," Vasodilating Agents, Miscellaneous"
iodoquinol, Amebicides
diroximel fumarate, Immunomodulatory Agents
methadone, Opiate Agonists
disopyramide, Class Ia Antiarrhythmics
disulfiram, Alcohol Deterrents
tedizolid, Oxazolidinones
chlorothiazide, Thiazide Diuretics
estradiol, Estrogens
teduglutide," GI Drugs, Miscellaneous"
mephobarbital,Barbiturate anticonvulsants
mebendazole, Anthelmintics
mecamylamine,Ganglionic Blocking Agent
mecasermin, Somatotropin Agonists
mechlorethamine," Skin and Mucous Membrane Agents, Miscellaneous"
meclizine, Antihistamines
meclofenamate, Other Nonsteroidal Anti-inflammatory Agents
phendimetrazine, Amphetamine Derivatives
amoxicillin, Aminopenicillins
methylprednisolone, Adrenals
isoproterenol, Non-selective beta-Adrenergic Agonists
medroxyprogesterone, Progestins
mefenamic acid, Other Nonsteroidal Anti-inflammatory Agents
tegaserod, Prokinetic Agents
mefloquine, Antimalarials
cefoxitin, Cephamycins
megestrol, Progestins
tegretol,Dibenzazepine anticonvulsants
melphalan, Antineoplastic Agents
cetirizine, Second Generation Antihistamines
meningococcal group b vaccine, Vaccines
mepenzolate,Anticholinergic Agent
meperidine, Opiate Agonists
tegsedi,Miscellaneous metabolic agents
meprobamate," Anxiolytics, Sedatives, and Hypnotics; Miscellaneous"
mercaptopurine, Antineoplastic Agents
meropenem, Carbapenems
tekamlo,Miscellaneous antihypertensive combinations
mesna, Protective Agents
pyridostigmine, Parasympathomimetic (Cholinergic) Agents
methylphenidate, Respiratory and CNS Stimulants
metaproterenol, Selective beta-2-Adrenergic Agonists
tekturna,Renin inhibitors
metaxalone, Centrally Acting Skeletal Muscle Relaxants
methamphetamine, Amphetamines
methazolamide, Carbonic Anhydrase Inhibitors
methenamine, Urinary Anti-infectives
tekturna hct,Miscellaneous antihypertensive combinations
methimazole, Antithyroid Agents
methocarbamol, Centrally Acting Skeletal Muscle Relaxants
methotrexate, Antineoplastic Agents
methoxsalen,Psoralens
methoxsalen topical,Psoralen
methscopolamine, Antimuscarinics/Antispasmodics
telavancin, Glycopeptides
methsuximide,"Anticonvulsant, Succinimide"
methyclothiazide,Thiazide diuretics
methyldopa, Central alpha-Agonists
methylene blue, Antidotes
methylergonovine,Ergot Derivative
methylnaltrexone," GI Drugs, Miscellaneous"
methyltestosterone, Androgens
telbivudine,"Antihepadnaviral, Reverse Transcriptase Inhibitor, Nucleoside (Anti-HBV)"
metoclopramide, Prokinetic Agents
metolazone, Thiazide-like Diuretics
metoprolol, beta-Adrenergic Blocking Agents
metreleptin, Leptins
phospholine iodide,Ophthalmic glaucoma agents
plexion,Topical antibiotics
efavirenz, HIV Nonnucleoside Reverse Transcriptase Inhibitors
pliaglis,Topical anesthetics
palbociclib, Antineoplastic Agents
palifermin, Cell Stimulants and Proliferants
palonosetron, 5-HT3 Receptor Antagonists
pamidronate, Bone Resorption Inhibitors
pancuronium, Neuromuscular Blocking Agents
uvadex,Psoralens
panitumumab, Antineoplastic Agents
panobinostat, Antineoplastic Agents
papaverine," Vasodilating Agents, Miscellaneous"
golytely,Laxatives
parathyroid hormone, Parathyroid Agents
paromomycin, Amebicides
paroxetine, Selective Serotonin-reuptake Inhibitors
gocovri,Dopaminergic antiparkinsonism agents
pasireotide, Somatostatin Agonists
patiromer, Potassium-removing Agents
pazopanib, Antineoplastic Agents
golimumab, Disease-modifying Antirheumatic Drugs
cladribine, Antineoplastic Agents
photofrin,Malignancy photosensitizers
gonal-f,Gonadotropins
gonal-f rff,Gonadotropins
clevidipine, Dihydropyridines
gonitro,Antianginal agents
clobazam, Benzodiazepines
ranitidine, Histamine H2-Antagonists
clofarabine, Antineoplastic Agents
clofazimine," Antimycobacterials, Miscellaneous"
clomipramine, Tricyclics and Other Norepinephrine-reuptake Inhibitors
clonidine, Central alpha-Agonists
clopidogrel, Platelet-aggregation Inhibitors
famotidine, Histamine H2-Antagonists
clozapine, Atypical Antipsychotics
imatinib, Antineoplastic Agents
isosorbide mononitrate,Antianginal Agent
imipramine, Tricyclics and Other Norepinephrine-reuptake Inhibitors
all day pain relief,Nonsteroidal anti-inflammatory drugs
allergy relief tablets,Antihistamines
fondaparinux," Anticoagulants, Miscellaneous"
formoterol, Selective beta-2-Adrenergic Agonists
fosamprenavir, HIV Protease Inhibitors
foscarnet," Antivirals, Miscellaneous"
fosfomycin, Urinary Anti-infectives
fosinopril, Angiotensin-Converting Enzyme Inhibitors
ibuprofen, Other Nonsteroidal Anti-inflammatory Agents
fostamatinib," Blood Formation, Coagulation, and Thrombosis Agents; Miscellaneous"
fostemsavir, HIV Entry and Fusion Inhibitors
ustekinumab, Disease-modifying Antirheumatic Drugs
clearlax,Laxatives
azacitidine, Antineoplastic Agents
azathioprine, Immunosuppressive Agents
azelastine nasal,Histamine H1 Antagonist
nicotine," Autonomic Drugs, Miscellaneous"
aztreonam, Monobactams
everolimus, Antineoplastic Agents
daunorubicin, Antineoplastic Agents
dabigatran, Direct Thrombin Inhibitors
minoxidil topical," Skin and Mucous Membrane Agents, Miscellaneous"
dabrafenib, Antineoplastic Agents
daclatasvir,"Antihepaciviral, NS5A Inhibitor"
daclizumab,Immunosuppressant Agent
dacomitinib, Antineoplastic Agents
dactinomycin, Antineoplastic Agents
dalbavancin, Glycopeptides
dalfampridine, Other Miscellaneous Therapeutic Agents
dalteparin, Heparins
danazol, Androgens
dapagliflozin, Sodium-glucose Cotransporter 2 (SGLT2) Inhibitors
dapsone topical," Skin and Mucous Membrane Agents, Miscellaneous"
daptomycin, Cyclic Lipopeptides
daratumumab, Antineoplastic Agents
darbepoetin alfa, Hematopoietic Agents
darifenacin, Genitourinary Smooth Muscle Relaxants
darolutamide, Antineoplastic Agents
darunavir, HIV Protease Inhibitors
dasatinib, Antineoplastic Agents
daunorubicin liposomal,"Antineoplastic Agent, Anthracycline"
goserelin, Gonadotropins
acalabrutinib, Antineoplastic Agents
acarbose, alpha-Glucosidase Inhibitors
phrenilin with caffeine and codeine,Narcotic analgesic combinations
jelmyto,Antibiotics / antineoplastics
acebutolol, beta-Adrenergic Blocking Agents
acitretin," Skin and Mucous Membrane Agents, Miscellaneous"
aclidinium, Antimuscarinics/Antispasmodics
jentadueto,Antidiabetic combinations
jentadueto xr,Antidiabetic combinations
bupropion," Antidepressants, Miscellaneous"
bumetanide, Loop Diuretics
jeuveau,Skeletal muscle relaxants
jevantique,Contraceptives
butabarbital,Barbiturate
butorphanol, Opiate Partial Agonists
jevantique lo,Contraceptives
dronabinol," Antiemetics, Miscellaneous"
dronedarone, Class III Antiarrhythmics
droperidol," Anxiolytics, Sedatives, and Hypnotics; Miscellaneous"
drospirenone,Contraceptive
droxidopa, alpha- and beta-Adrenergic Agonists
jevtana,Mitotic inhibitors
sildenafil, Phosphodiesterase Type 5 Inhibitors
silodosin, Selective alpha-1-Adrenergic Blocking Agents
siltuximab, Antineoplastic Agents
acetylcysteine, Antidotes
simeprevir,"Antihepaciviral, NS3/4A Protease Inhibitor (Anti-HCV)"
simvastatin, HMG-CoA Reductase Inhibitors
simethicone, Antiflatulents
theophylline,"Phosphodiesterase Enzyme Inhibitor, Nonselective"
nabi-hb,Immune globulins
siponimod, Immunomodulatory Agents
sipuleucel-t,"Cellular Immunotherapy, Autologous"
sitagliptin, Dipeptidyl Peptidase-4 (DPP-4) Inhibitors
hepatitis b immune globulin, Antitoxins and Immune Globulins
eculizumab, Complement Inhibitors
zafirlukast, Leukotriene Modifiers
zaleplon," Anxiolytics, Sedatives, and Hypnotics; Miscellaneous"
nabumetone, Other Nonsteroidal Anti-inflammatory Agents
zanubrutinib, Antineoplastic Agents
nadolol, beta-Adrenergic Blocking Agents
isotretinoin," Skin and Mucous Membrane Agents, Miscellaneous"
isavuconazonium, Azoles
isocarboxazid,"Antidepressant, Monoamine Oxidase Inhibitor"
nystatin, Polyenes
isoxsuprine,Vasodilator
isradipine, Dihydropyridines
istradefylline," Central Nervous System Agents, Miscellaneous"
procyclidine, Anticholinergic Agents
nafcillin, Penicillinase-resistant Penicillins
physostigmine, Parasympathomimetic (Cholinergic) Agents
ketamine, General Anesthetics
pegfilgrastim, Hematopoietic Agents
fulvestrant, Antineoplastic Agents
hydroxyprogesterone, Progestins
hyaluronidase,"Antidote, Extravasation"
hydromorphone, Opiate Agonists
hydroxocobalamin,Antidote
hydroxychloroquine, Antimalarials
nalbuphine, Opiate Partial Agonists
naldemedine," GI Drugs, Miscellaneous"
nalfon,Nonsteroidal anti-inflammatory drugs
kanamycin,Aminoglycosides
nalocet,Narcotic analgesic combinations
cabazitaxel, Antineoplastic Agents
cabergoline, Ergot-derivative Dopamine Receptor Agonists
naloxegol," GI Drugs, Miscellaneous"
cabozantinib, Antineoplastic Agents
naloxone, Opiate Antagonists
calcifediol, Vitamin D
calcitriol, Vitamin D
calcitonin, Antiparathyroid Agents
calcitriol topical,Vitamin D Analog
calcium acetate,Antidote
calcium chloride,Calcium Salt
calcium gluconate,Calcium Salt
phytonadione, Vitamin K Activity
calcium carbonate,Antacid
calcium citrate,Calcium Salt
calcium lactate,Calcium Salt
naltrexone, Opiate Antagonists
canagliflozin, Sodium-glucose Cotransporter 2 (SGLT2) Inhibitors
canakinumab, Other Miscellaneous Therapeutic Agents
candesartan, Angiotensin II Receptor Antagonists
cangrelor, Platelet-aggregation Inhibitors
cannabidiol," Anticonvulsants, Miscellaneous"
capreomycin, Antituberculosis Agents
capecitabine, Antineoplastic Agents
namenda,Miscellaneous central nervous system agents
capmatinib, Antineoplastic Agents
captopril, Angiotensin-Converting Enzyme Inhibitors
namenda xr,Miscellaneous central nervous system agents
carboplatin, Antineoplastic Agents
memantine," Central Nervous System Agents, Miscellaneous"
namzaric,Cholinesterase inhibitors
carfilzomib, Antineoplastic Agents
cariprazine, Atypical Antipsychotics
carmustine, Antineoplastic Agents
carteolol ophthalmic,"Ophthalmic Agent, Antiglaucoma"
carvedilol, beta-Adrenergic Blocking Agents
caspofungin, Echinocandins
naphcon,Ophthalmic antihistamines and decongestants
abacavir, HIV Nucleoside and Nucleotide Reverse Transcriptase Inhibitors
abaloparatide, Parathyroid Agents
abatacept, Disease-modifying Antirheumatic Drugs
abciximab, Platelet-aggregation Inhibitors
abemaciclib, Antineoplastic Agents
abiraterone, Antineoplastic Agents
abobotulinumtoxina, Other Miscellaneous Therapeutic Agents
olanzapine, Atypical Antipsychotics
naprelan,Nonsteroidal anti-inflammatory drugs
gilteritinib, Antineoplastic Agents
naproxen, Other Nonsteroidal Anti-inflammatory Agents
givosiran, Other Miscellaneous Therapeutic Agents
cidofovir, Nucleosides and Nucleotides
cilostazol, Platelet-aggregation Inhibitors
naprosyn,Nonsteroidal anti-inflammatory drugs
cinacalcet, Antiparathyroid Agents
ciprofloxacin, Quinolones
cisatracurium, Neuromuscular Blocking Agents
cisplatin, Antineoplastic Agents
citalopram, Selective Serotonin-reuptake Inhibitors
naratriptan, Selective Serotonin Agonists
nardil,Monoamine oxidase inhibitors
stiripentol," Anticonvulsants, Miscellaneous"
streptomycin, Aminoglycosides
streptozocin, Antineoplastic Agents
naropin,Local injectable anesthetics
upadacitinib, Disease-modifying Antirheumatic Drugs
ropivacaine, Local Anesthetics
eplerenone, Mineralocorticoid (Aldosterone) Receptor Antagonists
epoetin alfa, Hematopoietic Agents
epoprostenol, Vasodilating Agents
oxymetazoline nasal,Adrenergic Agonist Agent
eprosartan, Angiotensin II Receptor Antagonists
eptifibatide, Platelet-aggregation Inhibitors
ixabepilone, Antineoplastic Agents
ixekizumab, Disease-modifying Antirheumatic Drugs
micafungin, Echinocandins
midostaurin, Antineoplastic Agents
mifepristone, Oxytocics
migalastat, Other Miscellaneous Therapeutic Agents
miglitol, alpha-Glucosidase Inhibitors
milnacipran, Fibromyalgia Agents
miltefosine," Antiprotozoals, Miscellaneous"
mineral oil, Cathartics and Laxatives
nascobal,Vitamins
mipomersen," Antilipemic Agents, Miscellaneous"
mirabegron, Selective beta-3 Adrenergic Agonists
pseudoephedrine, alpha- and beta-Adrenergic Agonists
misoprostol, Prostaglandins
mitomycin, Antineoplastic Agents
mitotane, Antineoplastic Agents
mivacurium,Neuromuscular blocking agents
mivacurium,"Neuromuscular Blocker Agent, Nondepolarizing"
afatinib, Antineoplastic Agents
